{
    "smiles": "[OH:4][CH2:3][CH2:2][OH:1]", 
    "pairs": [
        {
            "a": 1, 
            "b": 2, 
            "score": 4.084844407530067
        }, 
        {
            "a": 2, 
            "b": 3, 
            "score": 2.4873676236616276
        }, 
        {
            "a": 3, 
            "b": 4, 
            "score": 4.084844407530067
        }
    ]
}