{
    "smiles": "[OH:4][CH2:3][CH2:2][OH:1]", 
    "pairs": [
        {
            "a": 1, 
            "b": 2, 
            "score": -2.352907242206335
        }, 
        {
            "a": 2, 
            "b": 3, 
            "score": -2.340946113640674
        }, 
        {
            "a": 3, 
            "b": 4, 
            "score": -2.352907242206335
        }
    ]
}