{
    "smiles": "[OH:4][CH2:3][CH2:2][OH:1]", 
    "pairs": [
        {
            "a": 1, 
            "b": 2, 
            "score": -5.125495964446116
        }, 
        {
            "a": 2, 
            "b": 3, 
            "score": -4.42038765532051
        }, 
        {
            "a": 3, 
            "b": 4, 
            "score": -5.125495964446116
        }
    ]
}