{
    "smiles": "[OH:4][CH2:3][CH2:2][OH:1]", 
    "pairs": [
        {
            "a": 1, 
            "b": 2, 
            "score": -11.668608129840344
        }, 
        {
            "a": 2, 
            "b": 3, 
            "score": -13.014799056448293
        }, 
        {
            "a": 3, 
            "b": 4, 
            "score": -11.668608129840344
        }
    ]
}