{
    "smiles": "[OH:4][CH2:3][CH2:2][OH:1]", 
    "pairs": [
        {
            "a": 1, 
            "b": 2, 
            "score": -9.589166588160507
        }, 
        {
            "a": 2, 
            "b": 3, 
            "score": -10.935357514768457
        }, 
        {
            "a": 3, 
            "b": 4, 
            "score": -9.589166588160507
        }
    ]
}