{
    "smiles": "[OH:4][CH2:3][CH2:2][OH:1]", 
    "pairs": [
        {
            "a": 1, 
            "b": 2, 
            "score": 3.7155183460377756
        }, 
        {
            "a": 2, 
            "b": 3, 
            "score": 2.7385505208190666
        }, 
        {
            "a": 3, 
            "b": 4, 
            "score": 3.7155183460377756
        }
    ]
}