{
    "smiles": "[OH:4][CH2:3][CH2:2][OH:1]", 
    "pairs": [
        {
            "a": 1, 
            "b": 2, 
            "score": -13.711910624904306
        }, 
        {
            "a": 2, 
            "b": 3, 
            "score": -20.498021440437043
        }, 
        {
            "a": 3, 
            "b": 4, 
            "score": -13.711910624904306
        }
    ]
}