{
    "smiles": "[OH:4][CH2:3][CH2:2][OH:1]", 
    "pairs": [
        {
            "a": 1, 
            "b": 2, 
            "score": -7.509725046480672
        }, 
        {
            "a": 2, 
            "b": 3, 
            "score": -8.85591597308862
        }, 
        {
            "a": 3, 
            "b": 4, 
            "score": -7.509725046480672
        }
    ]
}