{
    "smiles": "[OH:4][CH2:3][CH2:2][OH:1]", 
    "pairs": [
        {
            "a": 1, 
            "b": 2, 
            "score": -13.201085001138317
        }, 
        {
            "a": 2, 
            "b": 3, 
            "score": -14.547275927746263
        }, 
        {
            "a": 3, 
            "b": 4, 
            "score": -13.201085001138317
        }
    ]
}